lang	spkr	gender	F1 avg	F2 avg
dutch	00002	female	519.9341714804723	1633.6066381168635
dutch	00003	female	641.4433234042554	1765.2232794326242
dutch	00004	male	477.58711984848486	1616.5919924242423
dutch	00007	male	987.8756231261426	1984.4063859232176
dutch	00009	female	553.7454697297297	1711.7428327927928
dutch	00010	male	478.1183098765432	1643.6319081128747
dutch	00011	male	506.1781094845361	1525.9862589003437
dutch	00013	male	424.0506619047619	1519.8882861904763
dutch	00014	male	464.1509029535865	1447.4333724331927
dutch	00015	female	603.9403921285141	1670.938833815261
dutch	00022	male	496.02731923076925	1574.9909987179487
dutch	00023	male	488.33586616161614	1420.6365555555556
dutch	00025	female	535.8990301747311	1717.9333557795699
dutch	00027	male	494.90605815295817	1580.7443176046177
dutch	00031	male	509.6813444229529	1563.9324139909736
dutch	00033	female	595.5170834256184	1673.139922997416
dutch	00038	male	466.24195535168195	1571.4648978593273
dutch	00040	male	540.3240115369262	1618.439939520958
dutch	00042	male	478.9128194282946	1578.7775101986433
dutch	00044	male	481.51948485912914	1606.9540535455544
dutch	00045	male	506.1104357142857	1546.7485452380952
dutch	00048	male	536.8422699774267	1716.0950144469525
dutch	00049	male	565.500215842839	1618.2924112801013
dutch	00050	male	607.9294826044703	1699.5031282150956
dutch	00055	female	490.7623834162521	1663.461643946932
dutch	00056	male	904.3535631188118	2025.1581019801981
dutch	00060	male	412.92602528199143	1552.7369677557372
dutch	00061	male	643.1708525423729	1587.7398564971752
dutch	00063	male	650.2189172144873	1708.7843967944118
dutch	00065	female	551.3283948717949	1816.6806518315018
dutch	00068	male	558.0310400900901	1497.5172333333333
dutch	00069	male	505.98447717794915	1625.712387403599
dutch	00071	male	452.7668210774411	1585.7969755555555
dutch	00072	male	542.4977003629764	1551.243371445856
dutch	00073	female	500.1710803030303	1618.6907895622896
dutch	00074	male	436.8806234972678	1871.455856284153
dutch	00075	male	467.29435153782214	1569.1741571903574
dutch	00080	male	710.2760154471545	1611.4046539295393
dutch	00081	male	539.1175896024465	1470.6158844036697
dutch	00090	male	487.3902113207547	1429.1808880503145
dutch	00091	female	490.1628377618193	1670.3656521244764
dutch	00093	male	680.2556396296296	1649.017536851852
dutch	00096	male	491.56426537102476	1705.1725296034551
dutch	00100	female	506.5257549955791	1633.4992217064544
dutch	00102	male	619.4751532989839	1740.1828582510377
dutch	00104	male	519.3403085714285	1634.3974523809522
dutch	00105	male	505.71078379928315	1583.1217144802868
dutch	00107	male	588.5737924268502	1726.7411162363742
dutch	00108	male	799.9810288395062	1806.612764888889
dutch	00110	male	509.42455333333334	1623.868193125
dutch	00113	male	576.0232411209439	1632.707890442478
dutch	00114	male	487.5588254660146	1468.4226003827343
dutch	00117	male	712.868531147541	1797.1737879781422
dutch	00119	female	509.9307857142857	1573.8361571428572
dutch	00120	male	535.8045738078292	1602.561933499407
dutch	00124	male	530.3316914078675	1503.4744654244307
dutch	00127	female	578.0269606891189	1590.8900354133254
dutch	00131	male	456.3108737179487	1547.7678183333333
dutch	00136	male	544.6643283524904	1454.0040666666666
dutch	00142	male	459.70118169245194	1522.459285325832
dutch	00146	male	506.79835933528835	1617.4736251221896
dutch	00147	male	559.6201775499043	1538.4067679792179
dutch	00149	male	506.31223041412085	1542.1716186693823
dutch	00152	male	494.72328571428574	1490.8724341991342
dutch	00153	female	547.7525051987767	1728.1480524464832
dutch	00157	male	515.9551157741348	1534.0732324225864
dutch	00159	male	584.1122947712419	1648.40458709498
dutch	00162	male	735.6741241360395	1795.926423459499
dutch	00164	male	486.98676892681425	1414.3852734317343
dutch	00165	male	496.08976920289854	1632.5776016304349
dutch	00166	male	524.8233238857501	1720.2835563716258
dutch	00170	male	669.5198176854116	1730.752907416463
dutch	00176	male	538.8314424460432	1629.4952755395684
dutch	00179	male	530.7266327948427	1414.0672055593477
dutch	00180	male	481.42231206896554	1564.2338471264368
dutch	00182	male	483.0214128672746	1413.6752887537994
dutch	00184	male	598.8571636363636	1541.2168797979798
dutch	00185	male	568.0857936802973	1581.8052351920694
dutch	00186	male	519.3455585034013	1687.9855095238095
dutch	00188	male	466.3207077327327	1663.0244608108108
dutch	00192	male	557.3026361869092	1575.997665329053
dutch	00193	male	548.2696018115942	1519.0165998188406
dutch	00194	male	562.1730347171347	1667.6056226902726
dutch	00197	male	460.48464375	1641.4938552083333
dutch	00199	male	560.4625122222222	1521.8814384444445
dutch	00200	male	535.3360778929189	1520.5117279792746
dutch	00202	female	572.5524393162393	1766.4971329059829
dutch	00203	male	487.1602861016949	1531.4264938983051
dutch	00204	male	488.2618719723183	1662.2478347174165
dutch	00207	male	417.561519382716	1562.4581076543209
dutch	00210	male	553.3064733333333	1621.7301573333334
dutch	00211	male	625.4084412698413	1657.212980952381
dutch	00215	male	540.3890325476191	1612.2748748333333
dutch	00217	male	548.4941427509293	1521.9587999999999
dutch	00218	male	508.43033300485257	1631.9828768719672
dutch	00219	male	506.22000998877667	1661.1152076318742
dutch	00224	male	532.5934518388791	1519.3582089900758
dutch	00230	female	549.9352607142857	1560.6963833333334
dutch	00234	male	523.0790071684588	1488.3660921146952
dutch	00235	male	556.1515431216931	1588.4295289682539
dutch	00236	male	541.4908853832442	1514.6911962566844
dutch	00237	male	504.44560782997763	1623.159709992543
dutch	00241	male	488.3863365180621	1436.949306489066
dutch	00242	female	507.5568287812041	1565.9684016152717
dutch	00248	female	554.6114475540857	1738.7492345597354
dutch	00252	male	493.8116454576043	1549.5393665545087
dutch	00255	male	778.3452630331753	1933.8747496050553
dutch	00256	male	515.169907957958	1526.6817406906907
dutch	00258	male	454.90078740499456	1719.9039109663408
dutch	00261	male	688.6703034722223	1787.3523555555555
dutch	00265	male	510.00752886266093	1594.623413018598
dutch	00267	male	523.6464744002525	1740.5483772411617
dutch	00268	female	584.7206226227795	1652.8000715256007
dutch	00270	other	526.7914696606787	1679.014278522954
dutch	00274	male	466.0212385093168	1544.0351056935817
dutch	00276	male	522.5639182352941	1590.5020519607842
dutch	00281	male	546.9761905555556	1517.4272080555556
dutch	00282	male	680.3222625937835	1621.9472382368704
dutch	00283	male	498.0025156666667	1682.8306653333334
dutch	00285	male	526.865049232159	1483.1877093044263
dutch	00286	female	505.7996311904762	1784.709750952381
dutch	00289	male	507.1068743040624	1519.687348863278
dutch	00290	female	571.4064666666667	1823.3090822580646
dutch	00291	male	532.8047353333334	1781.3303133333334
dutch	00294	male	563.3070232613909	1486.6416237410072
dutch	00295	male	530.0003459580838	1545.3197819361278
dutch	00296	male	929.2337377472262	2024.5789060299082
dutch	00297	male	444.12189951409135	1652.6100699708454
dutch	00300	male	514.5492752136752	1542.2706404996713
dutch	00304	female	592.2344214358974	1649.691947076923
dutch	00306	female	560.22615	1983.8534027777778
dutch	00308	male	482.83365548902196	1508.292474750499
dutch	00309	male	517.9682333333334	1530.8713532286213
dutch	00310	male	496.52466734848485	1734.6492938636363
dutch	00312	male	489.7430328358209	1553.5810890049752
dutch	00313	male	567.0910102941176	1771.0114019607843
dutch	00317	male	479.2030299578059	1509.0147810126582
dutch	00318	male	534.3771426860346	1524.5747238277268
dutch	00320	male	670.8867152927928	1694.1247472897899
dutch	00321	female	586.4242169154229	1818.4727212935322
dutch	00324	female	525.5334026515152	1809.5586787878788
dutch	00326	female	510.1097696114147	1648.7936538251365
dutch	00328	male	552.7481162234043	1623.5631687943262
dutch	00329	male	581.1343654761905	1407.4463961904762
dutch	00337	female	635.2566311111111	1728.937432929293
dutch	00340	male	551.319530894309	1833.99837100271
dutch	00342	female	544.1711133333333	1588.0525766004414
dutch	00343	female	590.9080574969021	1795.471407357497
dutch	00344	male	535.7248943762781	1545.739928220859
dutch	00345	male	499.78449823386705	1556.1335529742844
dutch	00347	male	533.2129626244874	1494.5394093731693
dutch	00350	female	592.7178032870829	1771.040945870499
dutch	00352	male	587.0974309314034	1698.2134017201595
dutch	00359	male	501.01528972653364	1598.9450401330378
dutch	00361	male	661.6423345679012	1642.5997524691359
dutch	00362	male	497.1327117562281	1654.2309155445748
dutch	00363	male	612.3231118012422	1685.3269281573498
dutch	00366	female	550.8447464968153	1732.8399037508846
dutch	00372	female	472.3890762615494	1638.9687389075034
dutch	00373	male	455.74117316017316	1504.4518936301793
dutch	00375	male	499.99219542693817	1635.7937503751339
dutch	00377	male	534.4350936738032	1685.3950901427297
dutch	00378	male	518.3006850257243	1754.795903215543
dutch	00379	male	537.3935859437751	1595.5270701472557
dutch	00380	male	593.1855795321637	1746.9166573099415
dutch	00385	male	540.2582804526749	1787.2191823045268
dutch	00389	male	522.4997057359308	1515.0914797619048
dutch	00391	male	479.3795742547425	1510.7757777777779
dutch	00392	male	487.5307853681392	1557.7281801740294
dutch	00393	female	455.75287101879326	1552.7680604352126
dutch	00398	male	525.6247912408759	1638.6276503649635
dutch	00399	male	629.1388526455027	1679.754698941799
dutch	00402	male	590.7578448753462	1617.6924931671283
dutch	00403	male	446.07058117322293	1760.4216972808833
dutch	00406	female	519.8721985114155	1680.0736252328768
dutch	00409	male	978.9660418439717	2168.8472025531914
dutch	00411	male	696.906001082544	1764.7693774921065
dutch	00414	male	614.4642004095563	1729.4597606370876
dutch	00415	male	451.17283784582327	1571.9734684125706
dutch	00419	male	507.71508994708995	1589.852983068783
dutch	00423	male	619.3279490196078	1640.2068509803921
dutch	00424	female	576.734131372549	1482.4512519607842
dutch	00427	female	450.7478500856458	1654.9714711887632
dutch	00432	male	413.4075775362319	1422.29295942029
dutch	00434	male	444.4312699074074	1527.7517571759258
dutch	00436	male	521.8321618504436	1591.0008348542458
dutch	00439	male	579.3453726817042	1679.8145612781955
dutch	00440	female	520.8221680327869	1629.983681147541
dutch	00441	male	557.7961839201878	1512.8507008215963
dutch	00444	female	566.1158028274184	1648.293367060995
dutch	00445	male	507.0801998015873	1532.225354265873
dutch	00447	male	601.1829187062405	1721.4045026788433
dutch	00448	male	498.0459286168819	1676.6648105932995
dutch	00459	female	480.7126666666667	1500.173168409586
dutch	00463	male	527.4815014056225	1580.0862176706828
dutch	00465	male	557.0191855371901	1631.6534843434342
dutch	00467	male	575.1635684523809	1566.9047952380952
dutch	00468	male	505.5885286575078	1819.1105134008194
dutch	00469	female	579.0106014348786	1740.4532069536424
dutch	00471	female	546.8833500472143	1577.779000802644
dutch	00472	male	466.0861671794872	1608.2917218315017
dutch	00477	male	562.8149094573644	1662.106476744186
dutch	00478	male	547.3426062893082	1465.9425389937107
dutch	00482	male	472.0295131959667	1579.3601389010669
dutch	00483	female	507.92506158333333	1706.5202215833333
dutch	00485	male	509.64478725877206	1719.3321266357932
dutch	00486	male	648.8311996296296	1731.421654074074
dutch	00487	male	447.37405842911875	1444.9243969348659
dutch	00488	male	522.5060084876543	1579.4488705246913
dutch	00490	male	523.4850685099847	1927.02095453149
dutch	00492	male	512.9759622807018	1675.7120662280702
dutch	00496	male	460.65341466666666	1586.553827111111
dutch	00500	male	665.283229566855	1606.1841372881356
dutch	00502	male	552.1574606589147	1457.8058317829457
dutch	00506	male	495.33562328767124	1644.4409488584474
dutch	00507	male	586.7911255474453	1665.4723236009731
dutch	00513	male	540.865365174939	1672.8182972470843
dutch	00514	male	481.1468116666667	1563.2527883333332
dutch	00517	female	512.380842	1707.300651074074
dutch	00518	male	519.7184170903955	1573.1685761176616
dutch	00519	female	593.9539887096774	1715.3745462365591
dutch	00520	male	475.1817304347826	1283.7122468599034
dutch	00521	male	589.1951275641026	1548.1826237179487
dutch	00522	male	521.5795033613446	1645.1832711484594
dutch	00524	male	519.4155974947807	1610.190738900487
dutch	00526	female	522.4967542196624	1692.6517118790496
dutch	00527	male	535.8331289127838	1599.9330771804061
dutch	00531	male	607.1139259803922	1345.0206671568628
dutch	00532	male	461.4122790960452	1505.9991514124295
dutch	00534	male	412.6980914728682	1665.6531027131782
dutch	00536	male	672.9288138888888	1701.2040425120772
dutch	00537	male	519.5669334656835	1573.3802598033656
dutch	00539	male	548.4479161270428	1611.3496920444034
dutch	00545	male	501.3168645994832	1542.6727441860464
dutch	00551	male	527.0119912665753	1409.806756698674
dutch	00554	male	571.9945538914728	1493.6190041550387
dutch	00555	male	442.7477311018131	1421.7432025104602
dutch	00556	male	561.3068928489042	1710.8420790080738
dutch	00557	male	494.6370332183908	1586.4021359386973
dutch	00558	male	489.1072331029944	1646.0761298782495
dutch	00562	male	528.9083215551744	1647.8198971412235
dutch	00563	male	533.0076766169154	1874.7028313432836
dutch	00564	female	576.9625220289855	1600.996787246377
dutch	00565	male	508.90664874759153	1607.5322343930636
dutch	00568	male	582.3849180555555	1623.9753606382978
dutch	00569	male	591.0961095238096	1561.1541754285715
dutch	00575	male	434.9364639880952	1793.6944264880951
dutch	00576	male	459.6776132034632	1608.143821590909
dutch	00580	male	522.4489098205854	1604.6469987724267
dutch	00582	male	438.8287188405797	1698.1417485507247
dutch	00583	female	582.979112739726	1725.6228374885845
dutch	00585	female	536.9913582156468	1579.1718746245238
dutch	00588	male	523.3279640522876	1479.0488190045248
dutch	00591	female	459.9908067982456	1541.7719368421053
dutch	00592	male	482.96503973333336	1489.6830757333332
dutch	00596	male	489.7765638166895	1624.4332880984953
dutch	00599	male	603.6113850574712	1547.8667137931034
dutch	00602	male	525.102957789855	1467.0720865942028
dutch	00603	male	521.3789256410256	1436.5120884615385
dutch	00604	male	554.764727610184	1533.9847040436457
dutch	00611	female	597.9526505103837	1786.7385182330165
dutch	00612	male	525.4507583333334	2382.749120833333
dutch	00619	male	559.2206463414634	1638.0035991869918
dutch	00620	female	569.1378301282051	1849.1811666666667
dutch	00621	male	650.6393265506471	1950.4088767068274
dutch	00622	male	549.5857268172043	1555.4572731326166
dutch	00623	female	617.4043840744964	1809.268098720385
dutch	00624	male	512.7171796019901	1641.6826054726369
dutch	00626	male	521.4353011594203	1641.4097452173912
dutch	00628	male	516.919350201671	1598.649181835206
dutch	00629	male	480.72586484458736	1511.5233183279743
dutch	00632	male	481.8922907157464	1661.901107402863
dutch	00634	male	500.0037393839384	1530.5693227722772
dutch	00636	male	516.2464887856257	1614.5310061957869
dutch	00638	male	704.9825789855073	1779.6698151138717
dutch	00639	female	524.7164579908675	1755.2462079908676
dutch	00640	male	528.3963099224807	1479.5247927131784
dutch	00641	male	523.2718524046435	1560.1969464344943
dutch	00644	male	466.211406779661	1588.173179566855
dutch	00645	male	595.3524478174603	1737.9708501984128
dutch	00647	male	458.2843109848485	1561.8435056818182
dutch	00650	female	550.2683467539553	1600.1755445717404
dutch	00655	male	438.5010010526316	1673.614911754386
dutch	00658	female	504.6645821029083	1584.4759087248322
dutch	00664	male	494.7420613333333	1499.203267030303
dutch	00665	male	559.9986247326825	1564.589552735162
dutch	00667	male	426.6503591361117	1524.1586165110452
dutch	00671	male	500.6058510057471	1696.2301676724137
dutch	00674	male	610.369041015625	1609.2262410481771
dutch	00675	male	522.3160943310658	1834.0316833333334
dutch	00676	male	472.6909076672587	1340.5939616044998
dutch	00680	male	471.2542111111111	1520.8433966360856
dutch	00682	male	565.3792746754194	1723.0801723559446
dutch	00684	male	569.0575092995169	1469.380425241546
dutch	00685	female	591.11845	1983.75935
dutch	00686	male	469.0819395379538	1595.5048491089108
dutch	00688	male	482.16613340459645	1536.2907027614467
dutch	00689	male	433.6713495238095	1555.8695323809525
dutch	00691	female	523.4730136363636	1802.598290909091
dutch	00693	male	580.0381843140995	1631.0620911333651
dutch	00696	female	491.61501680260466	1523.3283818547982
dutch	00697	male	518.8153478236915	1792.0232018181819
dutch	00702	female	560.4959895238095	1550.7978338095238
dutch	00704	male	653.776421184739	1636.3440427710843
dutch	00705	female	593.9962771604938	1686.8093734567901
dutch	00708	female	536.2425145539906	1763.2077835680752
dutch	00711	male	526.0993019480519	1651.0020058441557
dutch	00715	male	513.6176016824395	1597.8765654430742
dutch	00718	female	493.3307230758938	1680.3819778205952
dutch	00722	male	552.6603494692145	1469.0242335456476
dutch	00726	male	515.851660257431	1605.1241629113588
dutch	00728	male	525.5677302579365	1527.703667063492
dutch	00732	male	500.82730363636364	1582.2551191202347
dutch	00733	male	467.11835148514854	1469.3484250825084
dutch	00734	male	597.1309385964912	1552.2258886708296
dutch	00737	male	522.7887990825689	1659.1938217125382
dutch	00738	female	584.2339838541667	1708.2213109375
dutch	00740	female	520.1246618839311	1706.046094634004
dutch	00741	male	745.49655	1835.719574863388
dutch	00746	male	476.24556646825397	1491.8110341269842
dutch	00747	male	479.8280321885522	1450.979870976431
dutch	00753	male	519.6864052572707	1590.8010894854585
dutch	00754	male	490.7885221527778	1552.71261125
dutch	00755	male	541.7185361691543	1758.8285429353234
dutch	00757	male	571.8072286030061	1746.2533274756852
dutch	00759	female	542.3824156565656	1208.1211474747474
dutch	00760	male	494.34254848484846	1786.600187878788
dutch	00765	female	510.73201	1623.619002857143
dutch	00767	male	477.69550025062654	1516.5919932330828
dutch	00768	male	490.6119883161512	1554.563321305842
dutch	00770	male	514.598015308642	1516.9182743209876
dutch	00772	male	527.1241017777778	1571.6188124444445
dutch	00773	male	502.70280446927376	1535.8199540037244
dutch	00774	male	596.502307486631	1759.5385816399287
dutch	00775	male	658.6126208333334	1646.1364416666665
dutch	00777	male	665.9606827319587	1797.7043212199312
dutch	00779	male	544.3528945355191	1593.9921613661202
dutch	00781	female	543.4411491749175	1742.8838514851486
dutch	00782	male	453.0411612466125	1601.9671455284554
dutch	00785	male	476.0801344202899	1413.1326018115942
dutch	00786	male	563.598992059095	1700.4692721144968
dutch	00791	male	851.3287396386005	2013.4621135845189
dutch	00797	male	644.2784674796748	1593.6457731707317
dutch	00798	male	612.2725671599718	1641.7434377730797
dutch	00804	male	525.7075378378379	1485.3038072072072
dutch	00805	male	429.61684519940917	1644.6313199409158
dutch	00808	male	577.5104924092409	1576.7817768976897
dutch	00812	male	383.02346666666665	1680.1041824561403
dutch	00816	male	498.1184942075338	1652.5261890191898
dutch	00821	male	528.5199399739583	1482.8296536458333
dutch	00822	male	508.47972719546743	1672.165660717658
dutch	00823	male	591.9241156565656	1998.757340909091
dutch	00824	male	380.73102807017546	1541.1542105263159
dutch	00828	male	582.9098826923077	1783.1894782051281
dutch	00835	female	635.6450348027843	1746.6142784996132
dutch	00837	male	677.764640891978	1713.6833930977893
dutch	00840	male	562.8439704	1518.206764
dutch	00841	male	632.9415191452991	1763.011350818071
dutch	00842	male	569.982846163522	1525.9055322012578
dutch	00844	male	530.8248549726776	1701.9319896174864
dutch	00849	other	524.4992302083333	1603.3839958333333
dutch	00850	male	527.4645942622951	1463.3434915300547
dutch	00854	female	666.2141023679417	1657.8699287188829
dutch	00857	female	546.9924544200086	1751.750393833549
dutch	00858	male	539.9166218150087	1568.0428633507854
dutch	00859	male	577.8233216880342	1570.6464988247862
dutch	00862	male	500.94168433333334	1575.1821466666668
dutch	00863	female	635.8593698666666	1646.3948205333334
dutch	00866	male	509.6221096153846	1565.9453224358974
dutch	00867	male	500.35956614987083	1489.1757950904394
dutch	00870	male	573.1380963541667	1672.0977734375
dutch	00877	male	504.20523383458647	1656.6691714285714
dutch	00882	male	393.5477583333333	1507.887146
dutch	00883	male	537.765425615402	1581.0501258242998
dutch	00893	male	579.0197698717949	1486.3950573717948
dutch	00894	male	559.8643783068783	1685.2833396825397
dutch	00895	male	521.8532985185185	1593.5317933333333
dutch	00896	male	507.25322975260417	1566.6081087565103
dutch	00897	male	509.8679032967033	1575.7630265567766
dutch	00901	male	482.7074343243243	1400.5800936936937
dutch	00904	female	585.5799146341463	1801.8321963414635
dutch	00912	male	510.83953538470394	1593.614753311899
dutch	00915	male	509.30181267752715	1588.0140700988582
dutch	00916	male	412.7269429553265	1462.8908565292097
dutch	00920	male	542.7144108971554	1675.5171263894968
dutch	00922	female	520.2785826275788	1811.744109446254
dutch	00924	female	540.0348311973019	1608.615949044407
dutch	00929	male	541.3941482251803	1612.0346064614532
dutch	00935	male	630.8568316352201	1860.4818356603773
dutch	00936	male	532.6494130681818	1454.2679428661615
dutch	00939	male	541.1200976525822	1291.5444812206572
dutch	00940	male	589.1091678787878	1524.9248919191919
dutch	00942	male	464.89090163599184	1542.7028916155418
dutch	00943	male	512.675804040404	1597.4602439393939
dutch	00945	male	562.554902579365	1525.1127442460318
dutch	00948	male	544.2810327234156	1646.1046468575973
dutch	00953	male	453.74628382838284	1488.337397689769
dutch	00954	male	445.7631067049808	1536.2719511494254
dutch	00959	female	579.4295164502165	1803.2845121212122
dutch	00960	male	568.5349511256354	1791.5365290486566
dutch	00965	male	454.0144239766082	1549.668299122807
dutch	00967	male	535.3509981597222	1557.713983609375
dutch	00970	other	553.2878996015936	1589.7042926958832
dutch	00973	male	477.48493734729493	1556.2995685863875
dutch	00974	male	493.3459963087248	1338.9324006152126
dutch	00977	male	431.2211222222222	1458.353805263158
dutch	00978	male	541.3921437971952	1583.8004189859762
dutch	00982	male	596.0587879960317	1602.3212006944445
dutch	00986	male	722.4595432432433	1736.4614792792793
dutch	00987	female	524.1194974930362	1731.5245240482823
dutch	00988	male	550.8985186942622	1587.6999713612654
dutch	00989	male	532.1130233333333	1532.504995
dutch	00990	male	516.998780066237	1624.8821273182957
dutch	00993	male	523.1058111111112	1594.2562915204678
dutch	00997	male	546.5151529274004	1440.8994539422326
dutch	00998	other	487.46800409356723	1708.4169736842105
dutch	00999	male	475.27732934752936	1497.8596812175813
dutch	01005	male	425.2274774509804	1639.6892230392157
dutch	01006	male	516.5372869888475	1607.435328841388
dutch	01007	male	472.93373072916665	1372.3679036458334
dutch	01008	male	520.7494394871795	1577.1312025641025
dutch	01010	male	504.6069519723866	1607.4376007889546
dutch	01011	female	576.7505553302813	1818.8438698205073
dutch	01012	female	629.0315157977883	1601.5068437598736
dutch	01014	male	537.9441721409823	1627.6824022684664
dutch	01015	male	680.7592598639455	1581.5820188208618
dutch	01016	male	491.413038995046	1646.8908183297947
dutch	01017	female	564.8066003649635	1604.4116919708028
dutch	01020	male	468.6239789855072	1569.3776217391305
dutch	01021	male	392.43719604519777	1587.3735433615818
dutch	01029	male	742.3716286872467	1764.9765097287184
dutch	01031	female	563.5843784946237	1843.569570967742
dutch	01032	female	465.3695342431762	1644.5989565756825
dutch	01033	male	478.59918370448923	1471.1669868858253
dutch	01035	male	545.999962962963	1649.4826514403292
dutch	01038	female	471.8297077027948	1727.2315866394001
dutch	01039	male	500.0506431570513	1613.1068308814104
dutch	01041	male	524.5408373493976	1716.4977506024097
dutch	01042	male	660.1795521035599	1680.3209164239481
dutch	01043	female	639.2858023809524	1871.0672142857143
dutch	01045	male	556.6737526645768	1713.4913536050158
dutch	01047	male	502.0388709308372	1539.4994949037962
dutch	01049	male	513.1834725852857	1589.6316054254007
dutch	01053	male	528.4566572127139	1602.1644919043738
dutch	01055	female	535.8435827071291	1877.4926274084778
dutch	01062	male	520.3750087526205	1659.8085544549267
dutch	01067	male	727.7259186134853	1678.193545394112
dutch	01068	male	509.61001961093586	1521.360019873817
dutch	01069	female	530.8768865312264	1700.4185244222294
dutch	01070	male	501.26324519431404	1509.3880207420448
dutch	01071	male	842.6509898656899	2009.8915753357753
dutch	01073	male	710.841831300813	1768.693637398374
dutch	01074	male	577.2437849598022	1830.5323461348175
dutch	01076	male	552.945748508888	1555.455737755252
dutch	01077	male	394.2224576344086	1370.1132361290322
dutch	01081	male	555.7977579831933	1607.871368627451
dutch	01085	male	527.6105000755858	1524.4765287981859
dutch	01090	male	498.350587593985	1531.1940261904763
dutch	01096	male	531.4405142643064	1584.1082453779152
dutch	01100	male	537.4547877192982	1595.0975452631578
dutch	01102	male	630.36475360134	1589.216551926298
dutch	01103	male	460.5507301075269	1420.4617688172043
dutch	01107	female	461.92311878787876	1767.779536969697
dutch	01108	male	590.068628875969	1707.1861236434108
dutch	01113	male	666.4631148148148	1670.7799050925926
dutch	01115	male	511.3101352112676	1616.9734363849766
dutch	01117	male	563.6471870556674	1481.0866258886654
dutch	01118	male	481.90654970238097	1706.7034077380952
dutch	01121	male	479.2716789954338	1613.5803190258753
dutch	01123	male	450.25786612466123	1464.6316550135502
dutch	01126	male	494.8878470185728	1585.6660920821114
dutch	01133	male	495.2364488288288	1702.2780794594594
dutch	01134	female	467.63968714165765	1136.323988425093
dutch	01135	male	490.5167764044944	1435.6580232209737
dutch	01136	female	545.5748248484848	1590.1739557575756
dutch	01137	male	470.61005	1379.303631300813
dutch	01145	male	468.6496458937198	1457.93801294686
dutch	01146	male	455.75230336879434	1632.9603388297871
dutch	01149	male	592.574649859944	1707.1865640522876
dutch	01151	male	475.73576396011396	1604.0859166666667
dutch	01152	male	573.3674879734882	1572.0730453269744
dutch	01153	male	466.9766390804598	1654.342311111111
dutch	01155	male	542.2355390951873	1640.839226762368
dutch	01156	male	510.69017343412526	1679.7018333333333
dutch	01157	male	507.61106666666666	1438.0209490196078
dutch	01159	male	448.7154167318557	1641.2446399826163
dutch	01162	male	599.8509235294117	1508.2215105882353
dutch	01165	male	569.7225210019268	1626.354425433526
dutch	01166	male	472.6699816252588	1388.2889228778467
dutch	01169	male	533.8040073413421	1587.2165157262468
dutch	01170	male	475.56559663082436	1500.8135206451614
dutch	01171	male	588.9965379844962	1628.43369373385
dutch	01173	male	566.163380952381	1618.9566648056923
dutch	01174	male	571.15480885214	1781.9038275616083
dutch	01175	female	535.1012111904762	1648.5891454761904
dutch	01176	male	476.2760153061225	1374.5592731292518
dutch	01181	male	509.67669065420563	1590.7866224299066
dutch	01184	male	705.3764996774194	1743.335869139785
dutch	01193	male	552.0399913702624	1474.861253792031
dutch	01195	female	528.8957408333333	1530.950792878788
dutch	01196	male	483.904793473907	1759.5448354129664
dutch	01197	female	489.9141269927536	1643.1200867753623
dutch	01200	male	639.7190061904762	1923.5044473809523
dutch	01201	male	608.1753044444445	1715.10164
dutch	01206	male	621.6244872880084	1676.531400645355
dutch	01210	male	445.8303306813856	1568.9122114706256
dutch	01212	female	566.7380570029123	1462.4307454924544
dutch	01214	male	553.7073745050506	1611.6574526060606
dutch	01216	male	440.7907898989899	1532.7477101010102
dutch	01217	male	553.8518310272536	1748.2786817610063
dutch	01219	male	566.051402009804	1475.028004117647
dutch	01221	male	471.4716969387755	1606.6712100680272
dutch	01222	male	564.3239326424871	1661.9981821761658
dutch	01223	male	548.0404088435374	1815.8413984693877
dutch	01226	male	623.5266741706162	1805.3230421800947
dutch	01230	male	479.76451700356716	1448.3254152199763
dutch	01232	male	700.912628460039	1784.553625093336
dutch	01233	male	503.52491333333336	1271.7390333333333
dutch	01236	male	592.2576482873851	1363.025237092732
dutch	01237	female	573.1027094086021	1741.2732930107527
dutch	01239	male	456.99117291666664	1489.1082724358973
dutch	01240	male	679.6359301166063	1819.2466649979895
dutch	01243	female	568.3024055555555	1653.3894977777777
dutch	01246	male	498.027701754386	1530.826732748538
dutch	01248	female	569.5749276155564	1556.3586334555262
dutch	01251	female	557.463230269876	1595.105581371262
dutch	01252	male	583.4426390013496	1506.7247134682862
dutch	01256	male	581.7972256944445	1482.5756819444443
dutch	01260	male	535.5880811369509	1629.2718625322998
dutch	01262	male	485.1628615	1500.3370528333332
dutch	01263	male	564.6759810287241	1649.5787831997327
dutch	01264	male	605.5854364842454	1582.2916195688226
dutch	01266	female	577.0229212698413	1503.3266526984128
dutch	01267	female	506.13454284623094	1611.9772761063637
dutch	01268	male	597.3476967948718	1576.152321153846
dutch	01271	male	467.23441071428573	1445.4274426020409
dutch	01273	male	584.564354964539	1558.527389361702
dutch	01275	male	572.5426089773798	1501.133272635878
dutch	01276	male	494.4661293348281	1639.8514084080718
dutch	01278	female	475.35978427672956	1748.6848129979035
dutch	01281	female	530.8870796875	1669.1800385416666
dutch	01282	male	601.9810660575296	1775.2342151607445
dutch	01284	male	525.2469757861635	1623.9861916142559
dutch	01285	male	484.93296711281073	1519.7219546845124
dutch	01289	male	501.0148371561772	1565.6013428438227
dutch	01291	male	552.4696189054727	1460.0067756218905
dutch	01294	other	471.97547163120566	1486.9070338652482
dutch	01295	male	415.5887976190476	1469.7361476190476
dutch	01296	male	476.8705612903226	1562.6895838709677
dutch	01298	male	572.896061928934	1665.4496756345177
dutch	01303	male	424.220229476584	1562.3664495867768
dutch	01305	female	524.2273498288844	1589.995524252795
dutch	01306	male	506.6601489637306	1588.4550903713298
dutch	01307	male	526.4908979550103	1544.4431623721882
dutch	01308	male	708.4457894433781	1504.2114450415868
dutch	01310	male	566.776128164794	1664.463885093633
dutch	01314	male	489.50017661313046	1621.5390026204564
punjabi	00001	male	532.2214864129851	1634.987407846931
punjabi	00003	male	489.47853986928106	1465.9121431372548
punjabi	00005	male	1002.7663956349206	1885.9326688492063
punjabi	00013	male	484.8022937728938	1370.5773336996338
punjabi	00014	male	555.7839953881629	1657.4647558288495
punjabi	00015	male	487.3972911838791	1523.2414030646516
punjabi	00016	male	527.0620807064645	1605.5469606759318
punjabi	00019	male	549.4346883468835	1663.0430139566395
hindi	00000	male	519.2545563492064	1752.9470613756614
hindi	00001	male	397.6685768627451	1668.9891490196078
hindi	00003	male	549.8564665591398	1658.3019423655915
hindi	00005	male	513.3396730496454	1760.4473780141843
hindi	00008	male	444.2139094724221	1509.408406115108
hindi	00009	male	482.44300817610065	1520.7336163522014
hindi	00010	male	405.62461286549706	1800.2188760233919
hindi	00015	male	480.6077612244898	1528.7229462585035
hindi	00017	male	515.8054147208122	1656.9571233502538
hindi	00018	male	541.5277629333333	1491.9238618666666
hindi	00019	male	535.7235998165979	1646.2255663915635
hindi	00020	male	583.4470857142857	1621.3591342857144
hindi	00021	male	515.6561257713248	1467.38273045977
hindi	00022	female	616.5934842592593	1802.1317914609053
hindi	00025	male	520.3953165137615	1552.4089703363913
hindi	00032	male	422.00561433891994	1639.6754239292366
hindi	00033	female	512.5179217391304	1729.0866065217392
hindi	00037	male	565.9846546410608	1766.963133939186
hindi	00043	male	484.36544623655914	1553.6025071684587
hindi	00047	male	492.4233792792793	1706.0932675675676
hindi	00050	male	511.05253111581646	1655.831108854668
hindi	00051	male	520.376892063492	1435.3517365079365
hindi	00052	male	454.4067861788618	1769.526494308943
hindi	00053	male	489.3848111979167	1590.80152890625
hindi	00058	male	514.079781884058	1439.5980373188406
hindi	00064	male	502.98536558641973	1656.3329908950618
hindi	00066	female	623.8718125603865	1871.434372463768
hindi	00069	male	496.2752656330749	1656.126172868217
hindi	00070	male	553.3395842105264	1501.8145882205513
hindi	00071	male	573.1788614315221	1642.5006514775978
hindi	00075	male	509.6654499449945	1692.0727246424642
hindi	00078	male	449.66214583333334	1611.1975215277778
hindi	00080	female	572.1681527027027	1798.571770382883
hindi	00087	male	524.8001702811245	1587.3520582329318
hindi	00090	male	483.8327465875371	1682.9491547972304
hindi	00091	male	432.19183076923076	1663.1253871794872
hindi	00093	female	683.7077664268585	1641.1946081534772
hindi	00096	male	561.8312327697263	1643.2840383252817
hindi	00101	male	514.2224665356541	1654.0088277372263
hindi	00102	male	478.2375148148148	1628.2052968372868
hindi	00109	male	548.0711125	1623.1159177083334
hindi	00113	female	611.0802119308202	1845.5795558573166
hindi	00119	male	491.42251353846154	1631.3072071794872
hindi	00120	male	554.5722973932335	1600.604316028841
hindi	00121	male	524.3509171296296	1541.6249286265431
hindi	00122	male	551.685014541387	1642.6028279642057
hindi	00123	male	607.5844590909091	1478.4167424242423
hindi	00126	male	602.2407798913043	1694.2741623188406
hindi	00127	male	456.8986982587065	1529.379993034826
hindi	00128	male	543.9722648281374	1684.9866922994938
hindi	00129	male	480.65990313024037	1641.3977346376003
hindi	00130	male	528.5248466666667	1732.1022103783785
hindi	00131	male	490.84351440750214	1617.1088861040068
hindi	00134	male	415.2068518018018	1618.5047
hindi	00135	male	549.5157342592593	1563.4214842592592
hindi	00137	male	457.7883471264368	1544.1040557471265
hindi	00139	male	520.7681965408805	1606.105833018868
hindi	00141	male	552.8076048513302	1666.484877230047
hindi	00142	male	513.5846718390804	1561.5884399425288
hindi	00143	male	468.20554635568516	1535.352691739553
hindi	00144	female	584.2755366361789	1760.5047670223578
hindi	00145	male	410.7457569892473	1605.3413078853046
hindi	00146	male	549.6025772416253	1696.0236832700975
hindi	00147	male	542.5844649717515	1558.6483949152541
hindi	00150	male	565.3636583668006	1640.9498493975905
hindi	00154	male	514.8676836879432	1695.4209971631205
hindi	00156	female	563.9663042372881	1789.2664381355933
hindi	00157	male	439.07665742971886	1786.5458714859437
hindi	00158	male	438.18009166666667	1714.9423348958333
hindi	00161	male	462.2940860670194	1677.0248677248678
hindi	00165	male	498.51466894586895	1633.5477977207977
hindi	00166	male	585.9303561463047	1700.7380122171946
uyghur	00014	male	615.142272005772	1516.2229085858585
uyghur	00016	female	588.4434565543071	1672.7609426966292
uyghur	00021	female	557.632282881072	1794.3845548073703
uyghur	00023	female	509.01455489266795	1821.666041511012
uyghur	00027	male	529.7366515153158	1517.4544130026204
uyghur	00042	male	583.223718607517	1650.0468939926063
uyghur	00072	female	602.5351499757791	1929.1745403520104
uyghur	00074	female	579.2093146417445	1522.1826289719627
uyghur	00075	male	633.3392816710248	1700.03337937679
uyghur	00077	male	568.2159419159104	1490.5030638958992
uyghur	00080	male	540.150070212766	1696.7136872340425
uyghur	00088	female	593.8825451447245	1772.5138042483661
uyghur	00089	female	598.8285687509945	1780.42704867144
uyghur	00092	male	590.8266829291044	1535.4223572761193
uyghur	00097	male	554.1009144068724	1649.6899788657256
uyghur	00105	female	657.5362779431664	1829.2311450608931
uyghur	00107	male	549.1406135095922	1582.9349395991187
uyghur	00112	male	564.9341021604938	1510.5988056412893
uyghur	00113	male	626.0637903041397	1608.7285273436748
uyghur	00118	female	636.9352581583794	1840.8534654880295
uyghur	00120	female	570.7565163098346	1611.4090816884247
uyghur	00121	male	553.4363109009149	1580.252829828914
uyghur	00127	male	537.1028483689205	1575.322528202847
uyghur	00128	female	619.3966200775278	1744.0970862478716
uyghur	00131	male	506.6703685481282	1590.526838496115
uyghur	00136	female	615.0914357058126	1792.073434400949
uyghur	00137	other	545.6709808927382	1564.9431387830334
uyghur	00139	male	575.9678806060606	1530.2832254545453
uyghur	00149	female	559.7268179478012	1674.728972422834
uyghur	00155	male	567.5867957535854	1600.4059666003163
uyghur	00157	male	613.5978580526482	1646.766637627656
uyghur	00181	female	610.4860137254902	1681.8135883205457
uyghur	00184	male	485.6888736068376	1584.9652137435896
uyghur	00190	male	538.1857205588823	1525.7567489021956
uyghur	00191	male	570.0464950956938	1551.7670170520998
uyghur	00192	male	648.5639198645262	1634.495642644178
uyghur	00203	male	609.1366881944444	1616.4508904166667
uyghur	00208	male	492.6374892156863	1443.052687990196
uyghur	00220	male	540.2122072112406	1481.305007960241
uyghur	00222	male	470.5369054263566	1510.9754708527132
uyghur	00228	male	609.60667	1634.049545
uyghur	00235	male	586.0054150248186	1716.7046053455517
uyghur	00239	male	537.841602283105	1543.057520644076
uyghur	00245	female	653.0396823443224	1784.7974976556777
uyghur	00253	male	434.05595105042016	1655.2914823616948
uyghur	00259	female	621.4827839814328	1679.8558896041338
uyghur	00260	female	595.6613607318161	1817.8480102632752
uyghur	00267	female	639.4906553426549	1643.7881552908682
uyghur	00269	female	583.3603808235022	1794.5522212583853
uyghur	00270	male	485.2216238251366	1520.5783389617486
uyghur	00279	male	533.2682539522156	1555.1251952005052
uzbek	00000	male	516.2261175084175	1407.3912676767677
uzbek	00001	female	642.0352375582991	1842.431148792867
uzbek	00003	male	539.8310165137615	1639.6000241590214
hausa	00004	male	494.96386975308644	1530.9099157407406
hausa	00005	male	551.5400488479263	1573.2431457757295
hausa	00006	male	565.0477924546323	1499.8573594078318
hausa	00007	female	676.9647956660083	1598.9902824101068
hausa	00008	female	633.4250879472693	1837.0289965473949
hausa	00012	male	470.59652463768117	1796.3288768115942
kazakh	00004	male	590.0385528822055	1616.2607333333333
kazakh	00013	male	524.6411948717948	1491.5414100591715
kazakh	00014	female	575.2766662745098	1762.4450721568628
kazakh	00015	male	556.5806448116987	1533.808967207532
kazakh	00030	female	570.8637700483092	1550.9240962560386
kazakh	00034	male	604.5375874734607	1619.1242401273885
kazakh	00038	male	565.2271587710604	1314.2532279484637
kazakh	00042	male	553.8956093434343	1436.1958868686868
kazakh	00046	male	523.6455803921568	1656.8280660784314
kazakh	00052	male	595.5385127853881	1427.4406589041096
kazakh	00056	male	500.6698225672878	1530.1312316770186
maltese	00000	male	480.87816815258697	1626.279801646692
maltese	00001	male	463.28979533941236	1636.197515704154
maltese	00002	male	542.1942185815603	1664.023119432624
maltese	00003	female	541.4178127659575	1587.541395035461
maltese	00005	male	745.4341641221374	1673.6208229007634
maltese	00007	male	669.6636876777251	1765.1582509873617
maltese	00010	female	517.1501087831534	1716.5018574325825
maltese	00012	male	462.553059375	1533.2752348958334
maltese	00013	male	505.8835491926565	1583.3510388630834
maltese	00014	male	533.609737959302	1518.8915695213243
maltese	00017	female	568.1258316326531	1766.4091426870748
maltese	00021	male	509.607875249501	1768.0742397205588
maltese	00024	female	623.376180798274	1490.329244768069
maltese	00028	female	607.8551290849673	1691.862079738562
maltese	00029	female	517.0572951865223	1702.9962308062575
maltese	00032	male	503.8947381578947	1693.6561407894737
maltese	00035	female	607.6323631436314	1948.671435399729
maltese	00036	male	563.2736839944329	1738.4517206680584
maltese	00038	female	630.6773056451613	1824.7606873655914
maltese	00039	male	582.0290672316385	1710.4893276836158
maltese	00040	female	529.759419122807	1724.276734385965
maltese	00042	male	684.1811909090909	1802.0758484848484
maltese	00043	male	438.77863502109705	1531.4328607594937
maltese	00045	female	570.6085220125786	1968.199861215933
maltese	00046	male	600.0538182454095	1816.2920329932965
maltese	00048	female	528.4252963191991	1761.5573822850413
maltese	00049	male	500.39249164856386	1643.395563094376
maltese	00051	female	527.8134884057971	1759.34398647343
maltese	00052	female	526.2695792880259	1763.0522022653722
maltese	00055	female	490.7026051282051	1790.415267094017
maltese	00060	male	618.866055216285	1496.831137913486
maltese	00061	female	619.8217057134895	1879.1308917781494
maltese	00063	male	1173.4691455555555	2115.103198888889
maltese	00066	female	606.1324338504936	1787.2925161024918
maltese	00067	female	590.3318653890825	1749.5505855981417
maltese	00078	male	522.6920835470086	1534.4709773504273
maltese	00080	male	643.5266275207592	1788.5760131672598
maltese	00081	male	448.4978846801347	1672.99967996633
maltese	00082	male	526.2850893640351	1671.875108004386
maltese	00085	male	556.798749937578	1487.4933470661672
maltese	00091	female	560.1321979166667	1781.8310604166666
maltese	00093	male	451.1752752408478	1475.0133942196533
maltese	00094	male	514.7742612794613	1573.2696814814815
maltese	00095	male	503.3591613425926	1654.3869770833332
maltese	00096	male	482.07559124293783	1532.2177757062148
maltese	00098	male	528.9664717755072	1714.3404305345773
maltese	00101	female	565.9359777777778	1943.3384074074074
maltese	00104	male	498.47553693181817	1601.558897159091
maltese	00105	female	582.4757916426513	1531.6620193083575
maltese	00107	other	609.1266728694715	1853.8231015911542
maltese	00109	male	503.1794730711044	1569.9665102874433
maltese	00111	male	599.0060381802721	1609.4539789965986
maltese	00113	female	467.84406218323585	1572.6594427875243
maltese	00114	male	541.3406662004662	1569.2001062513245
maltese	00115	male	586.6342073279714	1683.8710234137623
maltese	00117	male	479.560205734767	1466.5541157706093
maltese	00119	female	542.3434004424779	1683.3104148967552
maltese	00122	male	489.87178192934783	1580.4804605072463
maltese	00124	female	535.5257810185185	1819.6035912037037
maltese	00128	male	739.1031476190476	1806.5161023809524
maltese	00130	female	541.5950263851653	1769.6722625781947
maltese	00132	female	572.9549779166666	1854.8310391666666
maltese	00135	female	494.3816179386823	1765.294310502283
maltese	00138	other	528.467376839008	1744.766295796553
maltese	00139	female	579.5780862200436	1835.9804593681918
maltese	00142	male	498.06225278076784	1463.6801709364909
maltese	00147	male	521.1754863636363	1579.000581818182
maltese	00148	female	641.1972033807267	1902.2624437598736
kyrgyz	00000	female	527.4055419981975	1417.930810557487
kyrgyz	00006	female	557.1914768044728	1596.5567961650524
kyrgyz	00007	female	616.8458773809524	1773.06878125
kyrgyz	00008	male	513.913802811245	1523.373283935743
kyrgyz	00009	male	453.39208090629626	1442.6431701203082
kyrgyz	00013	male	654.5502638888889	1737.0347855555556
kyrgyz	00018	male	481.04542612612613	1530.3973744744744
kyrgyz	00019	male	500.69543922077924	1464.9877656709957
kyrgyz	00021	female	580.9568396905343	1654.1594883517662
kyrgyz	00022	female	700.713814529534	1590.7774296230336
kyrgyz	00025	male	458.91176375	1448.3354895833334
kyrgyz	00027	male	507.831181539933	1464.9530568388332
kyrgyz	00028	female	570.4902446285481	1613.7033727647245
kyrgyz	00030	male	529.2784258294176	1560.3192686316388
kyrgyz	00031	male	533.1985090614887	1608.0656166666668
kyrgyz	00034	female	592.1079	1491.900013888889
kyrgyz	00038	male	461.7076992013451	1672.7995180748214
kyrgyz	00040	female	545.8836636924059	1615.2595352699184
kyrgyz	00041	female	566.6137848101266	1674.4068099156118
kyrgyz	00042	male	603.9446027777777	1603.1357407407406
kyrgyz	00044	male	507.0492571765522	1466.7069337044745
kyrgyz	00048	male	493.56939478672984	1451.727154028436
kyrgyz	00049	male	519.8998560075004	1429.6242493004472
kyrgyz	00050	male	478.5443762752076	1593.025268446026
kyrgyz	00051	female	471.4456611638204	1484.0411442757747
kyrgyz	00052	male	410.76412564102566	1416.0186153846155
kyrgyz	00053	male	511.3244181605669	1510.645112422383
kyrgyz	00056	male	499.58181379310344	1381.7987701149425
kyrgyz	00057	female	536.5078575840146	1504.4550514078112
kyrgyz	00058	male	471.6160813540261	1520.6835765781975
kyrgyz	00059	female	546.4238962441315	1630.3842539906104
kyrgyz	00062	male	636.1089347960565	1389.9363528771185
kyrgyz	00063	female	516.5775348746284	1526.1177106727414
kyrgyz	00065	male	587.1011163811241	1642.2231321122633
kyrgyz	00066	male	484.9959914784206	1517.3355731496786
kyrgyz	00067	male	507.8851256694971	1567.081035717396
kyrgyz	00068	male	527.75937039801	1421.0397978855722
kyrgyz	00070	male	521.2101475728156	1647.1057792880258
kyrgyz	00074	male	505.3528158402204	1428.2628774793388
kyrgyz	00075	male	511.3014673965937	1386.1024559610705
kyrgyz	00076	male	471.0867118609407	1569.7576001022494
kyrgyz	00080	female	383.84357708333334	1832.54178125
kyrgyz	00081	male	506.9169430864289	1414.6406492516555
kyrgyz	00083	female	514.1366796038333	1545.8013933692287
kyrgyz	00085	male	472.77305973345483	1448.0736957436307
kyrgyz	00088	male	446.7831303030303	1301.455503030303
kyrgyz	00089	male	515.1359492388675	1497.4262060321525
kyrgyz	00093	male	512.8659206627219	1444.8541344930966
kyrgyz	00094	male	497.84661986319924	1526.202557679805
kyrgyz	00095	female	483.39608873832066	1595.1333662397128
kyrgyz	00096	male	612.8941875689223	1517.8637076441103
kyrgyz	00097	male	578.8295056818182	1338.3329613636363
kyrgyz	00099	male	440.71230833333334	1481.3069083333335
kyrgyz	00101	female	566.9910473913044	1518.435272173913
kyrgyz	00104	female	494.21510160388465	1576.2451502746715
kyrgyz	00105	male	514.8132548352243	1623.706729875743
kyrgyz	00106	male	514.9962723659543	1534.2333331646043
kyrgyz	00107	male	493.6143764227642	1391.1092684959349
kyrgyz	00109	female	576.6128458579051	1629.0079646447628
kyrgyz	00110	male	484.96047663331035	1553.7382467276282
kyrgyz	00113	male	506.06526015222744	1454.0480700470114
kyrgyz	00116	male	544.4843716154721	1550.0263395904437
kyrgyz	00122	male	419.6385523809524	1642.8605095238095
kyrgyz	00123	male	519.495582424822	1558.5182888463855
kyrgyz	00125	male	560.1471099502487	1552.928487562189
kyrgyz	00127	male	518.7500761710239	1543.1597871732026
kyrgyz	00129	male	419.73335	1640.7369433333333
kyrgyz	00133	male	483.0387705175983	1417.2458489440994
kyrgyz	00134	female	555.6326526617527	1592.622837936118
kyrgyz	00135	male	480.53489966692285	1496.33974241609
kyrgyz	00136	male	488.28908189935066	1469.7040589285714
kyrgyz	00138	female	568.7390317152103	1566.7473731391585
kyrgyz	00139	female	580.9311739986085	1498.573226929066
kyrgyz	00140	male	424.24295830094394	1524.5564857671664
kyrgyz	00143	male	570.6897786848073	1439.540871201814
kyrgyz	00145	female	452.6596961451247	1771.9350780045352
kyrgyz	00148	male	511.61237616713794	1476.5530139993716
kyrgyz	00149	male	557.0952359375	1560.4534078125
kyrgyz	00150	male	428.9784589225589	1571.5139111111112
kyrgyz	00151	male	644.8912394636016	1799.9770383141763
kyrgyz	00153	female	635.745356830601	1677.6481628870674
kyrgyz	00154	male	515.9598020671834	1492.3758018087856
kyrgyz	00158	male	545.312100925926	1526.6603037037037
kyrgyz	00159	male	517.9363662077104	1545.5060403225807
kyrgyz	00160	other	579.9452215538847	1619.8509293233083
kyrgyz	00161	male	454.02628522328547	1409.939066307815
kyrgyz	00163	female	533.8878074778931	1711.8941821799308
kyrgyz	00165	female	634.1230430107527	1588.029111827957
kyrgyz	00167	male	518.6942102073365	1667.745655661882
kyrgyz	00168	male	510.6203704227921	1453.62800983779
kyrgyz	00171	male	477.60101234827266	1590.9246103835978
kyrgyz	00173	female	517.1465417789242	1510.964274453043
kyrgyz	00175	female	530.8861354700855	1443.779458974359
kyrgyz	00177	female	575.1361121261555	1562.6011440184884
kyrgyz	00179	female	506.40832253258844	1629.8471951582867
kyrgyz	00180	female	531.8715781960784	1759.615577372549
kyrgyz	00182	female	560.8572230041252	1682.273448920165
kyrgyz	00183	male	437.62192142857145	1596.2457880952381
kyrgyz	00184	female	536.1887293440352	1636.571886331279
kyrgyz	00186	male	527.4597006060606	1393.7718470377242
kyrgyz	00187	male	445.55052727152145	1370.7233154795065
kyrgyz	00189	male	513.5450525359655	1517.5609786096818
kyrgyz	00190	male	541.8573198688724	1554.8179090269637
kyrgyz	00191	male	542.18322	1497.4147902057614
kyrgyz	00192	male	536.1271685185185	1464.7779685185185
kyrgyz	00193	male	579.9384444910244	1594.2980604589918
kyrgyz	00194	male	512.9229195024876	1343.1314627860697
kyrgyz	00195	male	575.139903968254	1702.5826654761904
kyrgyz	00196	male	483.16950128205127	1409.6212025641025
kyrgyz	00199	male	533.0353736842105	1459.178927631579
kyrgyz	00202	female	556.0350239289446	1419.7456244514105
kyrgyz	00204	male	445.94530070582175	1361.9199669139618
kyrgyz	00205	female	594.549994812362	1708.6485098948187
swedish	00001	male	507.1362908045977	1665.8332367816092
swedish	00003	male	486.7650848024316	1467.2825492401216
swedish	00004	male	712.5975819753087	1663.4019614814815
swedish	00014	male	508.8449273700306	1402.042949235474
swedish	00020	male	529.1069178461864	1443.0844530307838
swedish	00021	female	587.7163297543859	1634.991674736842
swedish	00023	male	467.50630072162085	1608.8077096308632
swedish	00028	female	581.8100870653685	1665.3907145108947
swedish	00031	male	613.0171518900344	1612.28173024055
swedish	00032	female	549.9732952380953	1718.8692854928017
swedish	00039	male	471.7243704054766	1598.8324086361242
swedish	00042	male	489.3366122666667	1536.875136
swedish	00048	male	605.6407497076024	1545.9842549707603
swedish	00049	male	509.9639022988506	1553.6846701149425
swedish	00050	male	390.0535476821192	1541.2587607064017
swedish	00051	male	557.5010170971709	1647.1674258302583
swedish	00055	male	533.0973505882353	1434.9537298039215
swedish	00058	male	617.0139766580534	1677.6702408268734
swedish	00059	male	507.5946699715563	1435.8419149397264
swedish	00064	female	529.8279696296296	1650.905591111111
swedish	00065	male	558.2067422857143	1682.6547576190476
swedish	00067	male	581.0403396857239	1594.343489624429
swedish	00069	male	551.9890370666667	1383.7162432888888
swedish	00070	male	428.51976420187793	1376.771741314554
swedish	00072	male	610.5638889785503	1587.1172758535072
swedish	00078	male	488.68688512280704	1401.2255396491228
swedish	00081	female	609.9091908528061	1795.7129579089276
swedish	00083	male	511.3189149112819	1579.5524286127716
swedish	00084	male	470.0773295833333	1440.7417506944444
swedish	00088	female	593.6747806763285	1413.7057444444445
swedish	00091	male	497.43643166214997	1535.763139859982
swedish	00093	male	522.1691952380952	1651.1548378306877
swedish	00098	male	441.7200467625899	1531.6877832134292
swedish	00099	male	494.2824690789474	1592.4869342105262
swedish	00106	female	670.3455422222222	1576.6581888888888
swedish	00107	male	474.00527951388887	1487.6086881944445
swedish	00109	female	597.1459748427673	1722.9595868553458
swedish	00110	male	515.4989402761341	1452.541913096647
swedish	00114	male	770.1770792792793	1706.844100900901
swedish	00115	male	792.5527368917938	1826.5329319293148
swedish	00121	male	536.2053163430421	1569.7152448220065
swedish	00132	male	608.6892037037037	1715.1382172839506
swedish	00133	male	556.6606841666667	1600.2742908333332
swedish	00134	male	520.3768449482895	1443.2345128082736
swedish	00135	male	505.4258747126437	1558.7838827586206
swedish	00140	male	480.4597592485549	1531.460966955684
swedish	00144	male	544.6577291125541	1377.9393304112555
swedish	00149	male	534.8408927914111	1540.8191637909
swedish	00163	male	542.0296074912422	1380.7460146052276
swedish	00164	male	476.9055781544256	1546.493086252354
swedish	00166	male	481.6732120669056	1520.7803207885304
swedish	00168	male	433.03245576923075	1516.1728233974359
swedish	00170	other	591.101456	1797.392522060606
swedish	00171	male	492.46941966244725	1689.058690886076
swedish	00173	male	543.6595686635944	1570.0137775729647
swedish	00177	male	531.2671514018691	1477.4882619937694
swedish	00187	male	594.1821543613531	1592.4317406116832
swedish	00195	male	473.992675	1467.3723470588236
swedish	00196	male	612.7230689236111	1694.5119802083334
swedish	00199	male	439.33853965517244	1418.400124137931
swedish	00202	male	627.8736041666666	1426.0470625
swedish	00205	male	512.6282673557279	1596.4434950904392
swedish	00207	male	514.5949012820513	1557.173889102564
swedish	00213	male	593.997191954023	1637.3508172413792
swedish	00214	male	501.79366920808536	1535.0240886762103
swedish	00219	other	414.6037366666667	1460.8485166666667
swedish	00223	male	520.2764677177178	1672.771377027027
swedish	00233	male	437.99157	1722.9782244444443
swedish	00237	male	597.1547656410256	1690.3288394871795
swedish	00239	male	618.3639010416666	1546.5054125
swedish	00247	male	530.2848083333333	1532.2685425287357
swedish	00251	male	540.6729763239875	1645.1699451713396
swedish	00253	male	487.83514769900495	1582.3134467661691
swedish	00254	male	512.6708070921986	1665.101445390071
swedish	00256	male	494.04730970464135	1557.178224050633
swedish	00258	male	502.36106435185184	1586.6925252314816
swedish	00262	male	524.8416416666666	1555.9934162790698
swedish	00265	male	570.3017398148148	1681.6792302469137
swedish	00267	male	486.0275612345679	1317.3176296296297
swedish	00268	male	680.2897227916667	1811.3802354166667
swedish	00271	male	498.69652061965814	1645.1848608618234
swedish	00282	male	477.4139575438596	1490.3019112982456
swedish	00287	male	512.599775	1427.32061875
swedish	00289	male	478.84830375	1460.5835991666668
swedish	00291	female	660.6076842342343	1886.8455626126126
swedish	00293	male	488.6082919641116	1343.473743651258
swedish	00299	male	606.058352688172	1620.348065591398
swedish	00304	male	519.4459212962963	1511.3987472222223
swedish	00306	male	543.4625571428571	1647.5070896825396
swedish	00307	male	540.7312777777778	1504.2497438155135
swedish	00319	male	551.2456844162996	1515.9701420154186
swedish	00324	other	408.5970264784946	1392.2366799731183
swedish	00325	male	496.88924490358124	1519.409846831956
swedish	00326	male	551.7460763285025	1597.255938647343
swedish	00329	female	544.4542322555789	1690.2666744464366
swedish	00335	female	621.1233356870229	1607.2743026717558
swedish	00336	other	521.8728534516765	1589.3452003944774
swedish	00337	male	427.68801912568307	1609.215562568306
swedish	00340	female	603.1559684397163	1814.0186751773049
swedish	00342	male	581.1869146825397	1504.2940436507936
swedish	00343	male	510.9370869297164	1501.1307595835046
swedish	00349	male	321.9996533333333	1477.0990733333333
swedish	00351	female	586.1570357777778	1639.1709295555556
swedish	00359	male	846.162482464455	1958.6500957345972
swedish	00361	male	553.1241154838709	1723.5819150537634
swedish	00367	female	663.2470512086514	1333.0052827926208
swedish	00368	male	493.7876870480731	1379.6269815653557
swedish	00370	male	570.2022527777777	1586.0912428140098
swedish	00371	male	519.2459996472663	1553.9049104056437
swedish	00381	male	480.99573375706217	1595.5217505649719
swedish	00385	female	577.8697348678213	1690.5394080522638
swedish	00388	male	554.1794204897551	1681.208584657671
swedish	00390	male	475.45727847222224	1432.4869190104166
swedish	00392	male	518.3094372930166	1536.1329275737942
swedish	00397	male	533.3089021758051	1315.5457832898173
swedish	00401	male	681.2830576271186	1845.079402259887
swedish	00403	male	563.9702564102564	1361.2850801864802
swedish	00419	male	521.0771931873479	1372.69351946472
swedish	00428	male	601.736320754717	1437.074041509434
swedish	00432	male	581.6147438095238	1839.49234
swedish	00433	male	500.5970696969697	1530.5577838383838
swedish	00440	male	491.1994045	1561.1816660833333
swedish	00443	male	487.9595819047619	1429.6768514285714
swedish	00444	male	447.5300282579525	1319.7230169863446
swedish	00445	male	518.0166714556791	1680.061811195446
swedish	00448	male	484.66951408045975	1570.956825
swedish	00451	male	522.9796161714388	1419.8063092982773
swedish	00454	female	647.4551856060606	1733.4138727272727
swedish	00461	male	444.4071744949495	1500.577109848485
swedish	00463	male	499.00426842105264	1378.2610640350877
swedish	00464	male	466.88884700854703	1366.7164025641025
swedish	00467	male	627.9488174358975	1553.249706837607
swedish	00472	female	584.5917301507537	1673.6691376046901
swedish	00476	male	500.5046185897436	1582.9960923076924
swedish	00477	male	516.2727698412698	1326.8654275132276
swedish	00478	male	504.6641658487927	1466.3319178706115
swedish	00480	male	691.7570727388073	1594.770748667754
swedish	00482	male	509.4020878048781	1576.4476304878049
swedish	00483	female	624.611840655106	1494.2944591136802
swedish	00484	male	686.2528682539682	1780.6589341269841
swedish	00488	male	655.31892	1373.280628888889
swedish	00491	male	511.8947159090909	1439.0511840909091
swedish	00494	male	457.67000641627544	1527.0045571205007
swedish	00500	male	421.07836737213404	1553.3654818342152
swedish	00502	male	533.5924170068027	1681.2195210884354
swedish	00503	male	525.1731344827587	1532.8386724137931
swedish	00504	male	523.1917733333333	1462.0375633333333
swedish	00508	other	516.2716518640351	1750.829019627193
swedish	00510	female	509.0221156028369	1488.0583347517731
swedish	00513	male	547.8858696969697	1445.1325411616162
swedish	00515	male	459.0254273081115	1503.7726391250194
swedish	00518	male	524.0179973074046	1430.6381532286214
swedish	00520	male	599.8794540084389	1440.8666301687763
swedish	00522	male	579.170475	1657.060695952381
swedish	00524	male	472.4119887878788	1505.4186945454546
swedish	00529	female	564.3432977777778	1896.1502088888888
swedish	00544	male	498.2414083333333	1444.7331976190476
swedish	00548	male	505.12786840882694	1637.0817868757258
swedish	00549	male	618.7145786104605	1630.0317587822015
swedish	00556	other	544.5808545893719	1696.2771120772948
swedish	00557	male	529.5709318361955	1678.5536706076618
swedish	00559	male	577.3071075356415	1348.300675288527
swedish	00560	other	578.9743733333333	2013.6701533333332
swedish	00561	female	556.0951825136613	1808.0506502732242
swedish	00564	male	492.98133367741934	1509.6992914838709
swedish	00567	male	472.1029121212121	1474.8570151515153
swedish	00569	male	487.2758992260062	1375.2386674865268
swedish	00570	male	491.1251307692308	1555.1020764102564
swedish	00571	female	528.5385588050315	1533.7340697589098
swedish	00572	female	532.8108331526648	1743.3544547425474
swedish	00574	male	528.1554619047619	1410.551994047619
swedish	00575	male	472.4268012345679	1746.6253932098766
swedish	00577	male	535.7907888807249	1399.39175934362
swedish	00582	male	579.5256852303523	1445.010907588076
swedish	00584	female	534.2639055374593	1614.7324430329352
swedish	00590	male	487.8879812100714	1461.8401544907929
swedish	00591	male	504.74469375	1574.9988145833333
indonesian	00000	male	535.3790714285715	1600.0124380952382
indonesian	00001	male	414.704028627451	1713.8718584313726
indonesian	00002	male	557.4554596707819	1724.4102510288067
indonesian	00004	other	570.0157873897707	1492.410792063492
indonesian	00007	male	506.8422405701754	1469.0422717105264
indonesian	00013	female	714.6585898550725	1844.3531746376811
indonesian	00016	male	622.5712446078431	1685.346444607843
indonesian	00017	female	701.68287856291	1743.4158878950507
indonesian	00024	male	582.1660199095022	1577.1484371040724
indonesian	00026	female	612.3282920077972	1835.257898440546
indonesian	00028	female	618.207694787234	1803.4569611702127
indonesian	00029	male	558.0013724383103	1541.6937823923045
indonesian	00031	male	511.33322797619047	1396.5029477272726
indonesian	00033	male	552.2556996314496	1526.4150535831286
indonesian	00037	male	474.85308156862743	1588.1732898039215
indonesian	00038	female	534.5365057692308	1336.1918012820513
indonesian	00039	female	504.92347844311377	1915.6236806387226
indonesian	00040	male	560.1261328320802	1566.5615551378446
indonesian	00041	male	559.2102277182964	1621.0016723530812
indonesian	00044	male	491.57456712580347	1564.8704171717172
indonesian	00045	female	740.806225	1918.9625939393939
indonesian	00046	male	564.5737436692507	1628.2587744186046
indonesian	00047	male	555.0910495580953	1579.29711792
indonesian	00048	male	518.295922740113	1745.2604327683616
indonesian	00050	male	587.3079166666666	1746.4056005747127
indonesian	00051	male	700.9672548159355	1703.1012292738276
indonesian	00052	male	910.6700000000001	1757.84355
indonesian	00055	male	592.4179619822485	1661.4991660749506
indonesian	00056	male	540.0277417921977	1506.3019546414316
indonesian	00057	male	506.4450192687386	1463.563029408897
indonesian	00059	female	635.7413593001842	1614.2802279926336
indonesian	00060	female	827.5233515511551	1901.6029279867987
indonesian	00061	female	699.7474045214522	1616.7371043564356
indonesian	00062	female	616.8924751528227	1701.4143864617045
indonesian	00063	male	533.4210885456886	1564.3973404118403
indonesian	00064	male	521.3156629166666	1583.3325820833334
indonesian	00066	male	687.2043442680093	1657.6284110121353
indonesian	00076	male	662.9770456790123	1410.993272839506
indonesian	00080	male	466.18177657080133	1564.5675718565678
indonesian	00081	female	600.3375945975622	1666.9667706542134
indonesian	00084	male	581.0865673160173	1561.3112012987012
indonesian	00085	male	545.2653771364925	1509.9240584042122
indonesian	00087	male	610.4894367567567	1459.473112972973
indonesian	00090	other	450.6938314814815	1283.8848537037038
indonesian	00093	male	514.7424425120773	1720.9940981884058
indonesian	00096	male	531.9356180294985	1578.0288668495575
indonesian	00097	female	590.9328041582207	1811.1219361996402
indonesian	00099	female	700.1124493933589	1656.3637107439336
indonesian	00104	male	773.9312662054284	1665.8173950860387
indonesian	00105	other	543.0379648178673	1580.4658196744924
indonesian	00110	male	528.394079270315	1522.356456119403
indonesian	00111	male	558.3278729241878	1552.7361506618531
indonesian	00113	female	667.6035969210825	1607.769692140658
indonesian	00114	male	559.929886716792	1594.4418754385965
indonesian	00115	male	593.3369111528822	1666.7957664160401
indonesian	00117	male	516.4441588599752	1446.4563837670385
indonesian	00118	male	546.0243608410494	1529.5753728780865
indonesian	00119	male	561.7923166666667	1494.0670725
indonesian	00121	male	507.2158446935725	1683.3390384155457
indonesian	00122	male	597.820667196702	1770.076961778563
indonesian	00131	male	533.6070516173121	1605.7578809263478
indonesian	00133	male	692.9045581395349	1534.008353875969
indonesian	00134	male	767.5755885318559	1663.6183545706372
indonesian	00135	male	502.719405731142	1466.8469319426886
indonesian	00136	male	507.91957011494253	1509.3700747126436
indonesian	00138	male	550.2238936507937	1552.5766682539684
indonesian	00140	male	540.5719392473118	1522.1473586021505
indonesian	00141	male	513.5514604524393	1428.2012684382667
indonesian	00143	male	457.42357288135594	1710.0140836158191
indonesian	00147	female	547.2301371584699	1849.1751153005464
indonesian	00149	female	581.1631403422983	1660.2396174409128
indonesian	00151	male	594.2695656877899	1635.887822771767
indonesian	00152	male	628.3473881127451	1470.1902322303922
indonesian	00155	male	515.8331929012346	1586.441073765432
indonesian	00159	female	580.2065654008438	1640.6649620253165
indonesian	00163	male	646.3495897911833	1571.7998316782675
indonesian	00164	male	491.9530004796163	1756.621751318945
indonesian	00165	female	574.2608563992476	1823.8422855209355
indonesian	00170	male	867.5390555555556	1907.5972222222224
indonesian	00171	female	699.1147267814442	1807.632544093735
indonesian	00172	male	470.7115749877631	1614.9218223201174
indonesian	00174	male	421.2682557142857	1366.9489204761906
indonesian	00175	male	591.1904090277778	1577.4374594328704
indonesian	00176	male	555.4939060706402	1544.6359348785872
indonesian	00177	male	543.205478659453	1636.5936584009619
indonesian	00178	male	595.1393475786944	1546.4270343415221
indonesian	00179	male	551.4079511111111	1644.0343877777777
indonesian	00181	male	584.3197661956963	1577.6670520248244
indonesian	00183	male	618.4176124716553	1669.088225170068
indonesian	00185	male	549.9959671100363	1506.124297279323
indonesian	00186	female	669.4208306569343	1691.8533850364963
indonesian	00187	male	725.5045412189254	1687.585954691259
indonesian	00190	female	558.3271800766283	1562.8385587484036
indonesian	00191	male	511.21079112426037	1484.0849605522683
indonesian	00192	male	600.6071149140894	1664.923232233677
indonesian	00193	male	507.0227544399822	1605.7952288264169
indonesian	00194	male	514.2120212121213	1474.8967
indonesian	00198	male	533.3337022222222	1582.989178888889
indonesian	00199	female	564.4106903381643	1707.7410577294686
indonesian	00200	male	551.6457956386292	1555.0352453271028
indonesian	00201	male	645.8374873015873	2012.415823015873
indonesian	00202	male	508.45953470737913	1520.9531559287532
indonesian	00203	male	578.6777320695103	1565.3521126382307
indonesian	00204	male	661.6064842367111	1695.2609045561665
indonesian	00206	male	602.3565144827586	1426.6667248275862
indonesian	00207	male	587.3636666666666	1637.5635976190476
indonesian	00208	male	569.5145719858156	1595.1376585106384
indonesian	00210	male	474.21210520833336	1664.4667276041666
indonesian	00211	male	653.0809281390593	1640.540344192229
indonesian	00212	other	536.8672176484176	1561.0968643027643
indonesian	00214	female	471.1739812056738	1785.7368141843972
indonesian	00216	female	826.0277950807217	1430.1307619753086
indonesian	00217	female	713.7590748427673	1347.4955327044024
indonesian	00220	male	602.1643341408269	1655.9480182170544
indonesian	00223	male	522.8648568971413	1589.6016814628642
indonesian	00224	male	537.2688107927412	1498.1795097421204
indonesian	00227	male	541.1113351282052	1501.4418317948719
indonesian	00231	female	730.646096875	1730.2700520833334
indonesian	00232	male	598.2134181574539	1448.3349981686208
indonesian	00233	male	524.8954973484848	1492.129368939394
indonesian	00234	male	558.7019618644068	1519.38257740113
indonesian	00235	male	527.1703386700551	1588.6421299449387
indonesian	00238	male	545.6079158730158	1510.4273561481482
indonesian	00241	male	514.1086220430108	1531.8336438172043
indonesian	00242	male	554.42454332472	1534.4363933103646
indonesian	00245	female	689.5517680555555	1593.7001444444445
indonesian	00247	male	613.2671202211691	1537.4955347551343
indonesian	00248	male	554.1620006516291	1619.7275132330826
indonesian	00249	male	553.4658899224806	1510.8054747286822
indonesian	00258	male	594.6536193965517	1656.4317051005746
indonesian	00259	male	547.9481895833334	1746.5061202380953
indonesian	00260	female	699.4225303780069	1725.8524316838489
indonesian	00262	male	672.8352443262411	1635.5447359338061
indonesian	00264	male	579.0032642276423	1609.7214170731706
indonesian	00267	male	689.5849193473193	1816.1614496503496
indonesian	00269	male	666.4859420950678	1382.7302341677841
